continent,country,connection_number,connection_strength
Africa,Algeria,1,3
Africa,Angola,0,0
Africa,Benin,0,0
Africa,Botswana,0,0
Africa,Burkina Faso,0,0
Africa,Burundi,1,3
Africa,Cameroon,1,2
Africa,Cape Verde,0,0
Africa,Central African Republic,0,0
Africa,Chad,0,0
Africa,Comoros,0,0
Africa,Congo,0,0
Africa,Congo DR,0,0
Africa,Djibouti,0,0
Africa,Egypt,2,2
Africa,Equatorial Guinea,0,0
Africa,Eritrea,0,0
Africa,Eswatini,0,0
Africa,Ethiopia,0,0
Africa,Gabon,1,2
Africa,Gambia,2,3
Africa,Ghana,3,4
Africa,Guinea,0,0
Africa,Guinea-Bissau,0,0
Africa,Ivory Coast,2,2
Africa,Kenya,2,3
Africa,Lesotho,0,0
Africa,Liberia,2,3
Africa,Libya,0,0
Africa,Madagascar,0,0
Africa,Malawi,2,2
Africa,Mali,1,1
Africa,Mauritania,0,0
Africa,Mauritius,0,0
Africa,Morocco,0,0
Africa,Mozambique,0,0
Africa,Namibia,2,1
Africa,Niger,0,0
Africa,Nigeria,3,2
Africa,Rwanda,0,0
Africa,Senegal,2,1
Africa,Seychelles,0,0
Africa,Sierra Leone,2,2
Africa,Somalia,0,0
Africa,South Africa,3,4
Africa,South Sudan,2,2
Africa,Sudan,0,0
Africa,São Tomé and Príncipe,0,0
Africa,Tanzania,2,1
Africa,Togo,0,0
Africa,Tunisia,0,0
Africa,Uganda,1,1
Africa,Zambia,2,2
Africa,Zimbabwe,2,1
Asia,Afghanistan,0,0
Asia,Bahrain,0,0
Asia,Bangladesh,0,0
Asia,Bhutan,2,2
Asia,Brunei,0,0
Asia,Cambodia,2,2
Asia,China,2,2
Asia,Taiwan,2,1
Asia,Guam,2,4
Asia,Hong Kong,0,0
Asia,India,2,2
Asia,Indonesia,0,0
Asia,Iran,1,1
Asia,Iraq,1,3
Asia,Japan,3,3
Asia,Jordan,0,0
Asia,Kuwait,0,0
Asia,Kyrgyz Republic,0,0
Asia,Laos,0,0
Asia,Lebanon,1,1
Asia,Macau,0,0
Asia,Malaysia,3,1
Asia,Maldives,0,0
Asia,Mongolia,1,1
Asia,Myanmar,0,0
Asia,Nepal,0,0
Asia,North Korea,0,0
Asia,Oman,0,0
Asia,Pakistan,0,0
Asia,Palestine,0,0
Asia,Philippines,0,0
Asia,Qatar,2,3
Asia,Saudi Arabia,3,3
Asia,Singapore,2,2
Asia,South Korea,0,0
Asia,Sri Lanka,0,0
Asia,Syria,1,1
Asia,Tajikistan,0,0
Asia,Thailand,2,2
Asia,Timor-Leste,0,0
Asia,Turkmenistan,0,0
Asia,United Arab Emirates,1,2
Asia,Uzbekistan,0,0
Asia,Vietnam,1,1
Asia,Yemen,0,0
Europe,Albania,1,2
Europe,Andorra,0,0
Europe,Armenia,0,0
Europe,Austria,4,4
Europe,Azerbaijan,1,1
Europe,Belarus,0,0
Europe,Belgium,4,3
Europe,Bosnia and Herzegovina,2,3
Europe,Bulgaria,1,1
Europe,Croatia,4,3
Europe,Cyprus,3,2
Europe,Czechia,2,2
Europe,Denmark,4,4
Europe,England,4,4
Europe,Estonia,3,2
Europe,Faroe Islands,2,3
Europe,Finland,3,2
Europe,France,3,2
Europe,Georgia,0,0
Europe,Germany,4,4
Europe,Gibraltar,1,3
Europe,Greece,2,2
Europe,Hungary,2,2
Europe,Iceland,2,2
Europe,Ireland,1,1
Europe,Israel,1,1
Europe,Italy,2,4
Europe,Kazakhstan,0,0
Europe,Kosovo,2,3
Europe,Latvia,2,2
Europe,Liechtenstein,0,0
Europe,Lithuania,0,0
Europe,Luxembourg,1,2
Europe,Malta,1,1
Europe,Moldova,0,0
Europe,Montenegro,0,0
Europe,Netherlands,3,3
Europe,North Macedonia,1,2
Europe,Northern Ireland,4,4
Europe,Norway,4,4
Europe,Poland,4,4
Europe,Portugal,4,4
Europe,Romania,2,2
Europe,Russia,1,1
Europe,San Marino,0,0
Europe,Scotland,2,2
Europe,Serbia,2,2
Europe,Slovakia,2,2
Europe,Slovenia,2,2
Europe,Spain,2,3
Europe,Sweden,4,2
Europe,Switzerland,3,2
Europe,Turkey,2,2
Europe,Ukraine,2,1
Europe,Wales,1,3
North America,Antigua and Barbuda,0,0
North America,Aruba,0,0
North America,Bahamas,0,0
North America,Barbados,0,0
North America,Belize,0,0
North America,Bermuda,0,0
North America,Canada,4,4
North America,Cayman Islands,0,0
North America,Costa Rica,1,1
North America,Cuba,0,0
North America,Curaçao,0,0
North America,Dominica,0,0
North America,Dominican Republic,0,0
North America,El Salvador,0,0
North America,Greenland,0,0
North America,Grenada,0,0
North America,Guadeloupe,0,0
North America,Guatemala,0,0
North America,Haiti,0,0
North America,Honduras,1,2
North America,Jamaica,1,1
North America,Martinique,0,0
North America,Mexico,2,2
North America,Montserrat,0,0
North America,Nicaragua,0,0
North America,Panama,0,0
North America,Puerto Rico,1,1
North America,Saint Kitts and Nevis,0,0
North America,Saint Lucia,0,0
North America,Saint Vincent and the Grenadines,0,0
North America,Sint Maarten,0,0
North America,Suriname,0,0
North America,Trinidad and Tobago,0,0
North America,Turks and Caicos Islands,0,0
North America,U.S. Virgin Islands,0,0
North America,USA,4,4
Oceania,American Samoa,0,0
Oceania,Australia,2,1
Oceania,Cook Islands,0,0
Oceania,Fiji,0,0
Oceania,Kiribati,0,0
Oceania,New Caledonia,0,0
Oceania,New Zealand,1,3
Oceania,Papua New Guinea,0,0
Oceania,Samoa,0,0
Oceania,Solomon Islands,0,0
Oceania,Tahiti,0,0
Oceania,Tonga,0,0
Oceania,Tuvalu,0,0
Oceania,Marshall Islands,1,3
Oceania,Vanuatu,0,0
South America,Argentina,3,2
South America,Bolivia,0,0
South America,Brazil,2,2
South America,Chile,0,0
South America,Colombia,2,1
South America,Ecuador,0,0
South America,Guyana,0,0
South America,Paraguay,0,0
South America,Peru,0,0
South America,Suriname,0,0
South America,Uruguay,0,0
South America,Venezuela,2,1